Table Names,provincia,poblacion,total,nuevas,mes,anio
muertes_covid_provincias_mensual_2021.csv,Azuay,881394,267,45,1,2021
muertes_covid_provincias_mensual_2021.csv,Bolívar,209933,75,4,1,2021
muertes_covid_provincias_mensual_2021.csv,Carchi,186869,166,44,1,2021
muertes_covid_provincias_mensual_2021.csv,Cañar,281396,109,6,1,2021
muertes_covid_provincias_mensual_2021.csv,Chimborazo,524004,386,42,1,2021
muertes_covid_provincias_mensual_2021.csv,Cotopaxi,488716,343,32,1,2021
muertes_covid_provincias_mensual_2021.csv,El Oro,715751,631,62,1,2021
muertes_covid_provincias_mensual_2021.csv,Esmeraldas,591083,247,6,1,2021
muertes_covid_provincias_mensual_2021.csv,Galápagos,33042,8,4,1,2021
muertes_covid_provincias_mensual_2021.csv,Guayas,4387434,1949,90,1,2021
muertes_covid_provincias_mensual_2021.csv,Imbabura,476257,231,17,1,2021
muertes_covid_provincias_mensual_2021.csv,Loja,521154,261,15,1,2021
muertes_covid_provincias_mensual_2021.csv,Los Ríos,921763,365,4,1,2021
muertes_covid_provincias_mensual_2021.csv,Manabí,1562079,1412,115,1,2021
muertes_covid_provincias_mensual_2021.csv,Morona Santiago,196535,39,3,1,2021
muertes_covid_provincias_mensual_2021.csv,Napo,133705,80,2,1,2021
muertes_covid_provincias_mensual_2021.csv,Orellana,161338,56,3,1,2021
muertes_covid_provincias_mensual_2021.csv,Pastaza,114202,67,4,1,2021
muertes_covid_provincias_mensual_2021.csv,Pichincha,3228233,2108,83,1,2021
muertes_covid_provincias_mensual_2021.csv,Santa Elena,401178,407,22,1,2021
muertes_covid_provincias_mensual_2021.csv,Sto. Domingo Tsáchilas,511151,414,40,1,2021
muertes_covid_provincias_mensual_2021.csv,Sucumbíos,230503,108,10,1,2021
muertes_covid_provincias_mensual_2021.csv,Tungurahua,590600,390,49,1,2021
muertes_covid_provincias_mensual_2021.csv,Zamora Chinchipe,120416,58,2,1,2021
muertes_covid_provincias_mensual_2021.csv,Azuay,881394,305,38,2,2021
muertes_covid_provincias_mensual_2021.csv,Bolívar,209933,81,6,2,2021
muertes_covid_provincias_mensual_2021.csv,Carchi,186869,187,21,2,2021
muertes_covid_provincias_mensual_2021.csv,Cañar,281396,112,3,2,2021
muertes_covid_provincias_mensual_2021.csv,Chimborazo,524004,398,12,2,2021
muertes_covid_provincias_mensual_2021.csv,Cotopaxi,488716,388,45,2,2021
muertes_covid_provincias_mensual_2021.csv,El Oro,715751,721,90,2,2021
muertes_covid_provincias_mensual_2021.csv,Esmeraldas,591083,267,20,2,2021
muertes_covid_provincias_mensual_2021.csv,Galápagos,33042,8,0,2,2021
muertes_covid_provincias_mensual_2021.csv,Guayas,4387434,2070,121,2,2021
muertes_covid_provincias_mensual_2021.csv,Imbabura,476257,258,27,2,2021
muertes_covid_provincias_mensual_2021.csv,Loja,521154,291,30,2,2021
muertes_covid_provincias_mensual_2021.csv,Los Ríos,921763,380,15,2,2021
muertes_covid_provincias_mensual_2021.csv,Manabí,1562079,1573,161,2,2021
muertes_covid_provincias_mensual_2021.csv,Morona Santiago,196535,41,2,2,2021
muertes_covid_provincias_mensual_2021.csv,Napo,133705,84,4,2,2021
muertes_covid_provincias_mensual_2021.csv,Orellana,161338,59,3,2,2021
muertes_covid_provincias_mensual_2021.csv,Pastaza,114202,67,0,2,2021
muertes_covid_provincias_mensual_2021.csv,Pichincha,3228233,2296,188,2,2021
muertes_covid_provincias_mensual_2021.csv,Santa Elena,401178,410,3,2,2021
muertes_covid_provincias_mensual_2021.csv,Sto. Domingo Tsáchilas,511151,461,47,2,2021
muertes_covid_provincias_mensual_2021.csv,Sucumbíos,230503,109,1,2,2021
muertes_covid_provincias_mensual_2021.csv,Tungurahua,590600,432,42,2,2021
muertes_covid_provincias_mensual_2021.csv,Zamora Chinchipe,120416,60,2,2,2021
muertes_covid_provincias_mensual_2021.csv,Azuay,881394,338,33,3,2021
muertes_covid_provincias_mensual_2021.csv,Bolívar,209933,85,4,3,2021
muertes_covid_provincias_mensual_2021.csv,Carchi,186869,210,23,3,2021
muertes_covid_provincias_mensual_2021.csv,Cañar,281396,117,5,3,2021
muertes_covid_provincias_mensual_2021.csv,Chimborazo,524004,409,11,3,2021
muertes_covid_provincias_mensual_2021.csv,Cotopaxi,488716,397,9,3,2021
muertes_covid_provincias_mensual_2021.csv,El Oro,715751,779,58,3,2021
muertes_covid_provincias_mensual_2021.csv,Esmeraldas,591083,302,35,3,2021
muertes_covid_provincias_mensual_2021.csv,Galápagos,33042,9,1,3,2021
muertes_covid_provincias_mensual_2021.csv,Guayas,4387434,2145,75,3,2021
muertes_covid_provincias_mensual_2021.csv,Imbabura,476257,285,27,3,2021
muertes_covid_provincias_mensual_2021.csv,Loja,521154,364,73,3,2021
muertes_covid_provincias_mensual_2021.csv,Los Ríos,921763,409,29,3,2021
muertes_covid_provincias_mensual_2021.csv,Manabí,1562079,1794,221,3,2021
muertes_covid_provincias_mensual_2021.csv,Morona Santiago,196535,48,7,3,2021
muertes_covid_provincias_mensual_2021.csv,Napo,133705,90,6,3,2021
muertes_covid_provincias_mensual_2021.csv,Orellana,161338,62,3,3,2021
muertes_covid_provincias_mensual_2021.csv,Pastaza,114202,73,6,3,2021
muertes_covid_provincias_mensual_2021.csv,Pichincha,3228233,2494,198,3,2021
muertes_covid_provincias_mensual_2021.csv,Santa Elena,401178,410,0,3,2021
muertes_covid_provincias_mensual_2021.csv,Sto. Domingo Tsáchilas,511151,524,63,3,2021
muertes_covid_provincias_mensual_2021.csv,Sucumbíos,230503,126,17,3,2021
muertes_covid_provincias_mensual_2021.csv,Tungurahua,590600,437,5,3,2021
muertes_covid_provincias_mensual_2021.csv,Zamora Chinchipe,120416,70,10,3,2021
muertes_covid_provincias_mensual_2021.csv,Azuay,881394,405,67,4,2021
muertes_covid_provincias_mensual_2021.csv,Bolívar,209933,99,14,4,2021
muertes_covid_provincias_mensual_2021.csv,Carchi,186869,233,23,4,2021
muertes_covid_provincias_mensual_2021.csv,Cañar,281396,125,8,4,2021
muertes_covid_provincias_mensual_2021.csv,Chimborazo,524004,420,11,4,2021
muertes_covid_provincias_mensual_2021.csv,Cotopaxi,488716,419,22,4,2021
muertes_covid_provincias_mensual_2021.csv,El Oro,715751,900,121,4,2021
muertes_covid_provincias_mensual_2021.csv,Esmeraldas,591083,354,52,4,2021
muertes_covid_provincias_mensual_2021.csv,Galápagos,33042,9,0,4,2021
muertes_covid_provincias_mensual_2021.csv,Guayas,4387434,2389,244,4,2021
muertes_covid_provincias_mensual_2021.csv,Imbabura,476257,337,52,4,2021
muertes_covid_provincias_mensual_2021.csv,Loja,521154,476,112,4,2021
muertes_covid_provincias_mensual_2021.csv,Los Ríos,921763,438,29,4,2021
muertes_covid_provincias_mensual_2021.csv,Manabí,1562079,2100,306,4,2021
muertes_covid_provincias_mensual_2021.csv,Morona Santiago,196535,54,6,4,2021
muertes_covid_provincias_mensual_2021.csv,Napo,133705,96,6,4,2021
muertes_covid_provincias_mensual_2021.csv,Orellana,161338,66,4,4,2021
muertes_covid_provincias_mensual_2021.csv,Pastaza,114202,74,1,4,2021
muertes_covid_provincias_mensual_2021.csv,Pichincha,3228233,2780,286,4,2021
muertes_covid_provincias_mensual_2021.csv,Santa Elena,401178,411,1,4,2021
muertes_covid_provincias_mensual_2021.csv,Sto. Domingo Tsáchilas,511151,614,90,4,2021
muertes_covid_provincias_mensual_2021.csv,Sucumbíos,230503,150,24,4,2021
muertes_covid_provincias_mensual_2021.csv,Tungurahua,590600,443,6,4,2021
muertes_covid_provincias_mensual_2021.csv,Zamora Chinchipe,120416,88,18,4,2021
muertes_covid_provincias_mensual_2021.csv,Azuay,881394,487,82,5,2021
muertes_covid_provincias_mensual_2021.csv,Bolívar,209933,106,7,5,2021
muertes_covid_provincias_mensual_2021.csv,Carchi,186869,266,33,5,2021
muertes_covid_provincias_mensual_2021.csv,Cañar,281396,133,8,5,2021
muertes_covid_provincias_mensual_2021.csv,Chimborazo,524004,518,98,5,2021
muertes_covid_provincias_mensual_2021.csv,Cotopaxi,488716,506,87,5,2021
muertes_covid_provincias_mensual_2021.csv,El Oro,715751,1041,141,5,2021
muertes_covid_provincias_mensual_2021.csv,Esmeraldas,591083,379,25,5,2021
muertes_covid_provincias_mensual_2021.csv,Galápagos,33042,10,1,5,2021
muertes_covid_provincias_mensual_2021.csv,Guayas,4387434,2642,253,5,2021
muertes_covid_provincias_mensual_2021.csv,Imbabura,476257,394,57,5,2021
muertes_covid_provincias_mensual_2021.csv,Loja,521154,540,64,5,2021
muertes_covid_provincias_mensual_2021.csv,Los Ríos,921763,471,33,5,2021
muertes_covid_provincias_mensual_2021.csv,Manabí,1562079,2427,327,5,2021
muertes_covid_provincias_mensual_2021.csv,Morona Santiago,196535,57,3,5,2021
muertes_covid_provincias_mensual_2021.csv,Napo,133705,104,8,5,2021
muertes_covid_provincias_mensual_2021.csv,Orellana,161338,83,17,5,2021
muertes_covid_provincias_mensual_2021.csv,Pastaza,114202,84,10,5,2021
muertes_covid_provincias_mensual_2021.csv,Pichincha,3228233,3028,248,5,2021
muertes_covid_provincias_mensual_2021.csv,Santa Elena,401178,417,6,5,2021
muertes_covid_provincias_mensual_2021.csv,Sto. Domingo Tsáchilas,511151,664,50,5,2021
muertes_covid_provincias_mensual_2021.csv,Sucumbíos,230503,171,21,5,2021
muertes_covid_provincias_mensual_2021.csv,Tungurahua,590600,469,26,5,2021
muertes_covid_provincias_mensual_2021.csv,Zamora Chinchipe,120416,94,6,5,2021
muertes_covid_provincias_mensual_2021.csv,Azuay,881394,514,27,6,2021
muertes_covid_provincias_mensual_2021.csv,Bolívar,209933,111,5,6,2021
muertes_covid_provincias_mensual_2021.csv,Carchi,186869,284,18,6,2021
muertes_covid_provincias_mensual_2021.csv,Cañar,281396,137,4,6,2021
muertes_covid_provincias_mensual_2021.csv,Chimborazo,524004,525,7,6,2021
muertes_covid_provincias_mensual_2021.csv,Cotopaxi,488716,580,74,6,2021
muertes_covid_provincias_mensual_2021.csv,El Oro,715751,1091,50,6,2021
muertes_covid_provincias_mensual_2021.csv,Esmeraldas,591083,389,10,6,2021
muertes_covid_provincias_mensual_2021.csv,Galápagos,33042,10,0,6,2021
muertes_covid_provincias_mensual_2021.csv,Guayas,4387434,2723,81,6,2021
muertes_covid_provincias_mensual_2021.csv,Imbabura,476257,419,25,6,2021
muertes_covid_provincias_mensual_2021.csv,Loja,521154,564,24,6,2021
muertes_covid_provincias_mensual_2021.csv,Los Ríos,921763,493,22,6,2021
muertes_covid_provincias_mensual_2021.csv,Manabí,1562079,2529,102,6,2021
muertes_covid_provincias_mensual_2021.csv,Morona Santiago,196535,59,2,6,2021
muertes_covid_provincias_mensual_2021.csv,Napo,133705,108,4,6,2021
muertes_covid_provincias_mensual_2021.csv,Orellana,161338,96,13,6,2021
muertes_covid_provincias_mensual_2021.csv,Pastaza,114202,87,3,6,2021
muertes_covid_provincias_mensual_2021.csv,Pichincha,3228233,3168,140,6,2021
muertes_covid_provincias_mensual_2021.csv,Santa Elena,401178,428,11,6,2021
muertes_covid_provincias_mensual_2021.csv,Sto. Domingo Tsáchilas,511151,695,31,6,2021
muertes_covid_provincias_mensual_2021.csv,Sucumbíos,230503,173,2,6,2021
muertes_covid_provincias_mensual_2021.csv,Tungurahua,590600,617,148,6,2021
muertes_covid_provincias_mensual_2021.csv,Zamora Chinchipe,120416,100,6,6,2021
muertes_covid_provincias_mensual_2021.csv,Azuay,881394,1096,582,7,2021
muertes_covid_provincias_mensual_2021.csv,Bolívar,209933,152,41,7,2021
muertes_covid_provincias_mensual_2021.csv,Carchi,186869,293,9,7,2021
muertes_covid_provincias_mensual_2021.csv,Cañar,281396,256,119,7,2021
muertes_covid_provincias_mensual_2021.csv,Chimborazo,524004,693,168,7,2021
muertes_covid_provincias_mensual_2021.csv,Cotopaxi,488716,673,93,7,2021
muertes_covid_provincias_mensual_2021.csv,El Oro,715751,1326,235,7,2021
muertes_covid_provincias_mensual_2021.csv,Esmeraldas,591083,467,78,7,2021
muertes_covid_provincias_mensual_2021.csv,Galápagos,33042,11,1,7,2021
muertes_covid_provincias_mensual_2021.csv,Guayas,4387434,3904,1181,7,2021
muertes_covid_provincias_mensual_2021.csv,Imbabura,476257,638,219,7,2021
muertes_covid_provincias_mensual_2021.csv,Loja,521154,684,120,7,2021
muertes_covid_provincias_mensual_2021.csv,Los Ríos,921763,696,203,7,2021
muertes_covid_provincias_mensual_2021.csv,Manabí,1562079,2817,288,7,2021
muertes_covid_provincias_mensual_2021.csv,Morona Santiago,196535,118,59,7,2021
muertes_covid_provincias_mensual_2021.csv,Napo,133705,113,5,7,2021
muertes_covid_provincias_mensual_2021.csv,Orellana,161338,110,14,7,2021
muertes_covid_provincias_mensual_2021.csv,Pastaza,114202,115,28,7,2021
muertes_covid_provincias_mensual_2021.csv,Pichincha,3228233,4901,1733,7,2021
muertes_covid_provincias_mensual_2021.csv,Santa Elena,401178,376,-52,7,2021
muertes_covid_provincias_mensual_2021.csv,Sto. Domingo Tsáchilas,511151,783,88,7,2021
muertes_covid_provincias_mensual_2021.csv,Sucumbíos,230503,221,48,7,2021
muertes_covid_provincias_mensual_2021.csv,Tungurahua,590600,877,260,7,2021
muertes_covid_provincias_mensual_2021.csv,Zamora Chinchipe,120416,126,26,7,2021
muertes_covid_provincias_mensual_2020.csv,Azuay,881394,2,2,3,2020
muertes_covid_provincias_mensual_2020.csv,Bolívar,209933,0,0,3,2020
muertes_covid_provincias_mensual_2020.csv,Carchi,186869,0,0,3,2020
muertes_covid_provincias_mensual_2020.csv,Cañar,281396,2,2,3,2020
muertes_covid_provincias_mensual_2020.csv,Chimborazo,524004,0,0,3,2020
muertes_covid_provincias_mensual_2020.csv,Cotopaxi,488716,1,1,3,2020
muertes_covid_provincias_mensual_2020.csv,El Oro,715751,4,4,3,2020
muertes_covid_provincias_mensual_2020.csv,Esmeraldas,591083,0,0,3,2020
muertes_covid_provincias_mensual_2020.csv,Galápagos,33042,0,0,3,2020
muertes_covid_provincias_mensual_2020.csv,Guayas,4387434,52,52,3,2020
muertes_covid_provincias_mensual_2020.csv,Imbabura,476257,1,1,3,2020
muertes_covid_provincias_mensual_2020.csv,Loja,521154,0,0,3,2020
muertes_covid_provincias_mensual_2020.csv,Los Ríos,921763,6,6,3,2020
muertes_covid_provincias_mensual_2020.csv,Manabí,1562079,1,1,3,2020
muertes_covid_provincias_mensual_2020.csv,Morona Santiago,196535,0,0,3,2020
muertes_covid_provincias_mensual_2020.csv,Napo,133705,0,0,3,2020
muertes_covid_provincias_mensual_2020.csv,Orellana,161338,0,0,3,2020
muertes_covid_provincias_mensual_2020.csv,Pastaza,114202,0,0,3,2020
muertes_covid_provincias_mensual_2020.csv,Pichincha,3228233,5,5,3,2020
muertes_covid_provincias_mensual_2020.csv,Santa Elena,401178,4,4,3,2020
muertes_covid_provincias_mensual_2020.csv,Sto. Domingo Tsáchilas,511151,0,0,3,2020
muertes_covid_provincias_mensual_2020.csv,Sucumbíos,230503,1,1,3,2020
muertes_covid_provincias_mensual_2020.csv,Tungurahua,590600,0,0,3,2020
muertes_covid_provincias_mensual_2020.csv,Zamora Chinchipe,120416,0,0,3,2020
muertes_covid_provincias_mensual_2020.csv,Azuay,881394,15,13,4,2020
muertes_covid_provincias_mensual_2020.csv,Bolívar,209933,11,11,4,2020
muertes_covid_provincias_mensual_2020.csv,Carchi,186869,5,5,4,2020
muertes_covid_provincias_mensual_2020.csv,Cañar,281396,9,7,4,2020
muertes_covid_provincias_mensual_2020.csv,Chimborazo,524004,35,35,4,2020
muertes_covid_provincias_mensual_2020.csv,Cotopaxi,488716,19,18,4,2020
muertes_covid_provincias_mensual_2020.csv,El Oro,715751,80,76,4,2020
muertes_covid_provincias_mensual_2020.csv,Esmeraldas,591083,19,19,4,2020
muertes_covid_provincias_mensual_2020.csv,Galápagos,33042,1,1,4,2020
muertes_covid_provincias_mensual_2020.csv,Guayas,4387434,380,328,4,2020
muertes_covid_provincias_mensual_2020.csv,Imbabura,476257,9,8,4,2020
muertes_covid_provincias_mensual_2020.csv,Loja,521154,10,10,4,2020
muertes_covid_provincias_mensual_2020.csv,Los Ríos,921763,38,32,4,2020
muertes_covid_provincias_mensual_2020.csv,Manabí,1562079,106,105,4,2020
muertes_covid_provincias_mensual_2020.csv,Morona Santiago,196535,1,1,4,2020
muertes_covid_provincias_mensual_2020.csv,Napo,133705,2,2,4,2020
muertes_covid_provincias_mensual_2020.csv,Orellana,161338,1,1,4,2020
muertes_covid_provincias_mensual_2020.csv,Pastaza,114202,3,3,4,2020
muertes_covid_provincias_mensual_2020.csv,Pichincha,3228233,68,63,4,2020
muertes_covid_provincias_mensual_2020.csv,Santa Elena,401178,47,43,4,2020
muertes_covid_provincias_mensual_2020.csv,Sto. Domingo Tsáchilas,511151,21,21,4,2020
muertes_covid_provincias_mensual_2020.csv,Sucumbíos,230503,1,0,4,2020
muertes_covid_provincias_mensual_2020.csv,Tungurahua,590600,17,17,4,2020
muertes_covid_provincias_mensual_2020.csv,Zamora Chinchipe,120416,2,2,4,2020
muertes_covid_provincias_mensual_2020.csv,Azuay,881394,33,18,5,2020
muertes_covid_provincias_mensual_2020.csv,Bolívar,209933,24,13,5,2020
muertes_covid_provincias_mensual_2020.csv,Carchi,186869,11,6,5,2020
muertes_covid_provincias_mensual_2020.csv,Cañar,281396,30,21,5,2020
muertes_covid_provincias_mensual_2020.csv,Chimborazo,524004,109,74,5,2020
muertes_covid_provincias_mensual_2020.csv,Cotopaxi,488716,54,35,5,2020
muertes_covid_provincias_mensual_2020.csv,El Oro,715751,183,103,5,2020
muertes_covid_provincias_mensual_2020.csv,Esmeraldas,591083,80,61,5,2020
muertes_covid_provincias_mensual_2020.csv,Galápagos,33042,1,0,5,2020
muertes_covid_provincias_mensual_2020.csv,Guayas,4387434,1405,1025,5,2020
muertes_covid_provincias_mensual_2020.csv,Imbabura,476257,14,5,5,2020
muertes_covid_provincias_mensual_2020.csv,Loja,521154,21,11,5,2020
muertes_covid_provincias_mensual_2020.csv,Los Ríos,921763,195,157,5,2020
muertes_covid_provincias_mensual_2020.csv,Manabí,1562079,434,328,5,2020
muertes_covid_provincias_mensual_2020.csv,Morona Santiago,196535,3,2,5,2020
muertes_covid_provincias_mensual_2020.csv,Napo,133705,15,13,5,2020
muertes_covid_provincias_mensual_2020.csv,Orellana,161338,4,3,5,2020
muertes_covid_provincias_mensual_2020.csv,Pastaza,114202,5,2,5,2020
muertes_covid_provincias_mensual_2020.csv,Pichincha,3228233,304,236,5,2020
muertes_covid_provincias_mensual_2020.csv,Santa Elena,401178,281,234,5,2020
muertes_covid_provincias_mensual_2020.csv,Sto. Domingo Tsáchilas,511151,74,53,5,2020
muertes_covid_provincias_mensual_2020.csv,Sucumbíos,230503,5,4,5,2020
muertes_covid_provincias_mensual_2020.csv,Tungurahua,590600,68,51,5,2020
muertes_covid_provincias_mensual_2020.csv,Zamora Chinchipe,120416,5,3,5,2020
muertes_covid_provincias_mensual_2020.csv,Azuay,881394,50,17,6,2020
muertes_covid_provincias_mensual_2020.csv,Bolívar,209933,34,10,6,2020
muertes_covid_provincias_mensual_2020.csv,Carchi,186869,17,6,6,2020
muertes_covid_provincias_mensual_2020.csv,Cañar,281396,45,15,6,2020
muertes_covid_provincias_mensual_2020.csv,Chimborazo,524004,151,42,6,2020
muertes_covid_provincias_mensual_2020.csv,Cotopaxi,488716,120,66,6,2020
muertes_covid_provincias_mensual_2020.csv,El Oro,715751,251,68,6,2020
muertes_covid_provincias_mensual_2020.csv,Esmeraldas,591083,139,59,6,2020
muertes_covid_provincias_mensual_2020.csv,Galápagos,33042,1,0,6,2020
muertes_covid_provincias_mensual_2020.csv,Guayas,4387434,1584,179,6,2020
muertes_covid_provincias_mensual_2020.csv,Imbabura,476257,39,25,6,2020
muertes_covid_provincias_mensual_2020.csv,Loja,521154,45,24,6,2020
muertes_covid_provincias_mensual_2020.csv,Los Ríos,921763,256,61,6,2020
muertes_covid_provincias_mensual_2020.csv,Manabí,1562079,627,193,6,2020
muertes_covid_provincias_mensual_2020.csv,Morona Santiago,196535,10,7,6,2020
muertes_covid_provincias_mensual_2020.csv,Napo,133705,31,16,6,2020
muertes_covid_provincias_mensual_2020.csv,Orellana,161338,18,14,6,2020
muertes_covid_provincias_mensual_2020.csv,Pastaza,114202,22,17,6,2020
muertes_covid_provincias_mensual_2020.csv,Pichincha,3228233,501,197,6,2020
muertes_covid_provincias_mensual_2020.csv,Santa Elena,401178,325,44,6,2020
muertes_covid_provincias_mensual_2020.csv,Sto. Domingo Tsáchilas,511151,118,44,6,2020
muertes_covid_provincias_mensual_2020.csv,Sucumbíos,230503,20,15,6,2020
muertes_covid_provincias_mensual_2020.csv,Tungurahua,590600,107,39,6,2020
muertes_covid_provincias_mensual_2020.csv,Zamora Chinchipe,120416,16,11,6,2020
muertes_covid_provincias_mensual_2020.csv,Azuay,881394,72,22,7,2020
muertes_covid_provincias_mensual_2020.csv,Bolívar,209933,51,17,7,2020
muertes_covid_provincias_mensual_2020.csv,Carchi,186869,29,12,7,2020
muertes_covid_provincias_mensual_2020.csv,Cañar,281396,51,6,7,2020
muertes_covid_provincias_mensual_2020.csv,Chimborazo,524004,213,62,7,2020
muertes_covid_provincias_mensual_2020.csv,Cotopaxi,488716,167,47,7,2020
muertes_covid_provincias_mensual_2020.csv,El Oro,715751,334,83,7,2020
muertes_covid_provincias_mensual_2020.csv,Esmeraldas,591083,186,47,7,2020
muertes_covid_provincias_mensual_2020.csv,Galápagos,33042,1,0,7,2020
muertes_covid_provincias_mensual_2020.csv,Guayas,4387434,1656,72,7,2020
muertes_covid_provincias_mensual_2020.csv,Imbabura,476257,71,32,7,2020
muertes_covid_provincias_mensual_2020.csv,Loja,521154,81,36,7,2020
muertes_covid_provincias_mensual_2020.csv,Los Ríos,921763,316,60,7,2020
muertes_covid_provincias_mensual_2020.csv,Manabí,1562079,787,160,7,2020
muertes_covid_provincias_mensual_2020.csv,Morona Santiago,196535,14,4,7,2020
muertes_covid_provincias_mensual_2020.csv,Napo,133705,49,18,7,2020
muertes_covid_provincias_mensual_2020.csv,Orellana,161338,33,15,7,2020
muertes_covid_provincias_mensual_2020.csv,Pastaza,114202,44,22,7,2020
muertes_covid_provincias_mensual_2020.csv,Pichincha,3228233,718,217,7,2020
muertes_covid_provincias_mensual_2020.csv,Santa Elena,401178,331,6,7,2020
muertes_covid_provincias_mensual_2020.csv,Sto. Domingo Tsáchilas,511151,246,128,7,2020
muertes_covid_provincias_mensual_2020.csv,Sucumbíos,230503,50,30,7,2020
muertes_covid_provincias_mensual_2020.csv,Tungurahua,590600,168,61,7,2020
muertes_covid_provincias_mensual_2020.csv,Zamora Chinchipe,120416,34,18,7,2020
muertes_covid_provincias_mensual_2020.csv,Azuay,881394,117,45,8,2020
muertes_covid_provincias_mensual_2020.csv,Bolívar,209933,56,5,8,2020
muertes_covid_provincias_mensual_2020.csv,Carchi,186869,53,24,8,2020
muertes_covid_provincias_mensual_2020.csv,Cañar,281396,61,10,8,2020
muertes_covid_provincias_mensual_2020.csv,Chimborazo,524004,262,49,8,2020
muertes_covid_provincias_mensual_2020.csv,Cotopaxi,488716,203,36,8,2020
muertes_covid_provincias_mensual_2020.csv,El Oro,715751,364,30,8,2020
muertes_covid_provincias_mensual_2020.csv,Esmeraldas,591083,200,14,8,2020
muertes_covid_provincias_mensual_2020.csv,Galápagos,33042,1,0,8,2020
muertes_covid_provincias_mensual_2020.csv,Guayas,4387434,1681,25,8,2020
muertes_covid_provincias_mensual_2020.csv,Imbabura,476257,94,23,8,2020
muertes_covid_provincias_mensual_2020.csv,Loja,521154,160,79,8,2020
muertes_covid_provincias_mensual_2020.csv,Los Ríos,921763,323,7,8,2020
muertes_covid_provincias_mensual_2020.csv,Manabí,1562079,882,95,8,2020
muertes_covid_provincias_mensual_2020.csv,Morona Santiago,196535,19,5,8,2020
muertes_covid_provincias_mensual_2020.csv,Napo,133705,62,13,8,2020
muertes_covid_provincias_mensual_2020.csv,Orellana,161338,38,5,8,2020
muertes_covid_provincias_mensual_2020.csv,Pastaza,114202,48,4,8,2020
muertes_covid_provincias_mensual_2020.csv,Pichincha,3228233,920,202,8,2020
muertes_covid_provincias_mensual_2020.csv,Santa Elena,401178,352,21,8,2020
muertes_covid_provincias_mensual_2020.csv,Sto. Domingo Tsáchilas,511151,324,78,8,2020
muertes_covid_provincias_mensual_2020.csv,Sucumbíos,230503,77,27,8,2020
muertes_covid_provincias_mensual_2020.csv,Tungurahua,590600,217,49,8,2020
muertes_covid_provincias_mensual_2020.csv,Zamora Chinchipe,120416,42,8,8,2020
muertes_covid_provincias_mensual_2020.csv,Azuay,881394,153,36,9,2020
muertes_covid_provincias_mensual_2020.csv,Bolívar,209933,63,7,9,2020
muertes_covid_provincias_mensual_2020.csv,Carchi,186869,90,37,9,2020
muertes_covid_provincias_mensual_2020.csv,Cañar,281396,70,9,9,2020
muertes_covid_provincias_mensual_2020.csv,Chimborazo,524004,292,30,9,2020
muertes_covid_provincias_mensual_2020.csv,Cotopaxi,488716,225,22,9,2020
muertes_covid_provincias_mensual_2020.csv,El Oro,715751,395,31,9,2020
muertes_covid_provincias_mensual_2020.csv,Esmeraldas,591083,207,7,9,2020
muertes_covid_provincias_mensual_2020.csv,Galápagos,33042,1,0,9,2020
muertes_covid_provincias_mensual_2020.csv,Guayas,4387434,1714,33,9,2020
muertes_covid_provincias_mensual_2020.csv,Imbabura,476257,123,29,9,2020
muertes_covid_provincias_mensual_2020.csv,Loja,521154,198,38,9,2020
muertes_covid_provincias_mensual_2020.csv,Los Ríos,921763,337,14,9,2020
muertes_covid_provincias_mensual_2020.csv,Manabí,1562079,938,56,9,2020
muertes_covid_provincias_mensual_2020.csv,Morona Santiago,196535,21,2,9,2020
muertes_covid_provincias_mensual_2020.csv,Napo,133705,69,7,9,2020
muertes_covid_provincias_mensual_2020.csv,Orellana,161338,51,13,9,2020
muertes_covid_provincias_mensual_2020.csv,Pastaza,114202,52,4,9,2020
muertes_covid_provincias_mensual_2020.csv,Pichincha,3228233,1442,522,9,2020
muertes_covid_provincias_mensual_2020.csv,Santa Elena,401178,368,16,9,2020
muertes_covid_provincias_mensual_2020.csv,Sto. Domingo Tsáchilas,511151,347,23,9,2020
muertes_covid_provincias_mensual_2020.csv,Sucumbíos,230503,90,13,9,2020
muertes_covid_provincias_mensual_2020.csv,Tungurahua,590600,250,33,9,2020
muertes_covid_provincias_mensual_2020.csv,Zamora Chinchipe,120416,50,8,9,2020
muertes_covid_provincias_mensual_2020.csv,Azuay,881394,195,42,10,2020
muertes_covid_provincias_mensual_2020.csv,Bolívar,209933,66,3,10,2020
muertes_covid_provincias_mensual_2020.csv,Carchi,186869,104,14,10,2020
muertes_covid_provincias_mensual_2020.csv,Cañar,281396,82,12,10,2020
muertes_covid_provincias_mensual_2020.csv,Chimborazo,524004,313,21,10,2020
muertes_covid_provincias_mensual_2020.csv,Cotopaxi,488716,279,54,10,2020
muertes_covid_provincias_mensual_2020.csv,El Oro,715751,464,69,10,2020
muertes_covid_provincias_mensual_2020.csv,Esmeraldas,591083,216,9,10,2020
muertes_covid_provincias_mensual_2020.csv,Galápagos,33042,1,0,10,2020
muertes_covid_provincias_mensual_2020.csv,Guayas,4387434,1737,23,10,2020
muertes_covid_provincias_mensual_2020.csv,Imbabura,476257,169,46,10,2020
muertes_covid_provincias_mensual_2020.csv,Loja,521154,222,24,10,2020
muertes_covid_provincias_mensual_2020.csv,Los Ríos,921763,342,5,10,2020
muertes_covid_provincias_mensual_2020.csv,Manabí,1562079,1023,85,10,2020
muertes_covid_provincias_mensual_2020.csv,Morona Santiago,196535,22,1,10,2020
muertes_covid_provincias_mensual_2020.csv,Napo,133705,74,5,10,2020
muertes_covid_provincias_mensual_2020.csv,Orellana,161338,53,2,10,2020
muertes_covid_provincias_mensual_2020.csv,Pastaza,114202,60,8,10,2020
muertes_covid_provincias_mensual_2020.csv,Pichincha,3228233,1785,343,10,2020
muertes_covid_provincias_mensual_2020.csv,Santa Elena,401178,368,0,10,2020
muertes_covid_provincias_mensual_2020.csv,Sto. Domingo Tsáchilas,511151,361,14,10,2020
muertes_covid_provincias_mensual_2020.csv,Sucumbíos,230503,92,2,10,2020
muertes_covid_provincias_mensual_2020.csv,Tungurahua,590600,276,26,10,2020
muertes_covid_provincias_mensual_2020.csv,Zamora Chinchipe,120416,53,3,10,2020
muertes_covid_provincias_mensual_2020.csv,Azuay,881394,210,15,11,2020
muertes_covid_provincias_mensual_2020.csv,Bolívar,209933,69,3,11,2020
muertes_covid_provincias_mensual_2020.csv,Carchi,186869,110,6,11,2020
muertes_covid_provincias_mensual_2020.csv,Cañar,281396,89,7,11,2020
muertes_covid_provincias_mensual_2020.csv,Chimborazo,524004,335,22,11,2020
muertes_covid_provincias_mensual_2020.csv,Cotopaxi,488716,296,17,11,2020
muertes_covid_provincias_mensual_2020.csv,El Oro,715751,548,84,11,2020
muertes_covid_provincias_mensual_2020.csv,Esmeraldas,591083,222,6,11,2020
muertes_covid_provincias_mensual_2020.csv,Galápagos,33042,2,1,11,2020
muertes_covid_provincias_mensual_2020.csv,Guayas,4387434,1784,47,11,2020
muertes_covid_provincias_mensual_2020.csv,Imbabura,476257,185,16,11,2020
muertes_covid_provincias_mensual_2020.csv,Loja,521154,241,19,11,2020
muertes_covid_provincias_mensual_2020.csv,Los Ríos,921763,353,11,11,2020
muertes_covid_provincias_mensual_2020.csv,Manabí,1562079,1188,165,11,2020
muertes_covid_provincias_mensual_2020.csv,Morona Santiago,196535,29,7,11,2020
muertes_covid_provincias_mensual_2020.csv,Napo,133705,75,1,11,2020
muertes_covid_provincias_mensual_2020.csv,Orellana,161338,53,0,11,2020
muertes_covid_provincias_mensual_2020.csv,Pastaza,114202,60,0,11,2020
muertes_covid_provincias_mensual_2020.csv,Pichincha,3228233,1982,197,11,2020
muertes_covid_provincias_mensual_2020.csv,Santa Elena,401178,382,14,11,2020
muertes_covid_provincias_mensual_2020.csv,Sto. Domingo Tsáchilas,511151,367,6,11,2020
muertes_covid_provincias_mensual_2020.csv,Sucumbíos,230503,97,5,11,2020
muertes_covid_provincias_mensual_2020.csv,Tungurahua,590600,293,17,11,2020
muertes_covid_provincias_mensual_2020.csv,Zamora Chinchipe,120416,54,1,11,2020
muertes_covid_provincias_mensual_2020.csv,Azuay,881394,222,12,12,2020
muertes_covid_provincias_mensual_2020.csv,Bolívar,209933,71,2,12,2020
muertes_covid_provincias_mensual_2020.csv,Carchi,186869,122,12,12,2020
muertes_covid_provincias_mensual_2020.csv,Cañar,281396,103,14,12,2020
muertes_covid_provincias_mensual_2020.csv,Chimborazo,524004,344,9,12,2020
muertes_covid_provincias_mensual_2020.csv,Cotopaxi,488716,311,15,12,2020
muertes_covid_provincias_mensual_2020.csv,El Oro,715751,569,21,12,2020
muertes_covid_provincias_mensual_2020.csv,Esmeraldas,591083,241,19,12,2020
muertes_covid_provincias_mensual_2020.csv,Galápagos,33042,4,2,12,2020
muertes_covid_provincias_mensual_2020.csv,Guayas,4387434,1859,75,12,2020
muertes_covid_provincias_mensual_2020.csv,Imbabura,476257,214,29,12,2020
muertes_covid_provincias_mensual_2020.csv,Loja,521154,246,5,12,2020
muertes_covid_provincias_mensual_2020.csv,Los Ríos,921763,361,8,12,2020
muertes_covid_provincias_mensual_2020.csv,Manabí,1562079,1297,109,12,2020
muertes_covid_provincias_mensual_2020.csv,Morona Santiago,196535,36,7,12,2020
muertes_covid_provincias_mensual_2020.csv,Napo,133705,78,3,12,2020
muertes_covid_provincias_mensual_2020.csv,Orellana,161338,53,0,12,2020
muertes_covid_provincias_mensual_2020.csv,Pastaza,114202,63,3,12,2020
muertes_covid_provincias_mensual_2020.csv,Pichincha,3228233,2025,43,12,2020
muertes_covid_provincias_mensual_2020.csv,Santa Elena,401178,385,3,12,2020
muertes_covid_provincias_mensual_2020.csv,Sto. Domingo Tsáchilas,511151,374,7,12,2020
muertes_covid_provincias_mensual_2020.csv,Sucumbíos,230503,98,1,12,2020
muertes_covid_provincias_mensual_2020.csv,Tungurahua,590600,341,48,12,2020
muertes_covid_provincias_mensual_2020.csv,Zamora Chinchipe,120416,56,2,12,2020
